id;service_level;total_usage_time;start_time;end_time
1;flight geez carelessly;20867;2024-03-15T11:48:28;2024-03-16T04:33:46
2;hard essence achievement;7375;2024-03-16T09:31:49;2024-03-16T04:36:48
3;greatly porcupine how;29135;2024-03-15T22:25:05;2024-03-15T14:59:27
4;agony;8434;2024-03-15T13:51:01;2024-03-16T09:12:48
5;generously truthfully;19246;2024-03-16T09:33:46;2024-03-15T23:10:52
6;after;26268;2024-03-15T19:17:28;2024-03-16T06:06:25
7;consequently upon;3674;2024-03-15T17:52:02;2024-03-16T07:17:41
8;carefully once undress;29597;2024-03-15T20:00:06;2024-03-15T23:01:13
9;clarity ha obediently;23253;2024-03-16T09:27:17;2024-03-15T21:09:13
10;sans show-stopper until;8144;2024-03-16T05:13:51;2024-03-15T17:22:08
